time,fonio.current,fonio.total
2015-09-01 06:30:00-07:00,13.84000039100647,1.1949999574571848
2015-09-01 07:00:00-07:00,60.1000010172526,17.896666526794434
2015-09-01 07:30:00-07:00,122.10000101725261,60.43333435058594
2015-09-01 08:00:00-07:00,289.6666666666667,153.66666666666666
2015-09-01 08:30:00-07:00,560.6666666666666,361.3333333333333
2015-09-01 09:00:00-07:00,852.6666666666666,714.3333333333334
2015-09-01 09:30:00-07:00,1095.0,1120.0
2015-09-01 10:00:00-07:00,1346.6666666666667,1643.3333333333333
2015-09-01 10:30:00-07:00,1613.3333333333333,2520.0
2015-09-01 11:00:00-07:00,1810.0,3390.0
2015-09-01 11:30:00-07:00,1956.6666666666667,4360.0
2015-09-01 12:00:00-07:00,2070.0,5366.666666666667
2015-09-01 12:30:00-07:00,2130.0,6426.666666666667
2015-09-01 13:00:00-07:00,2163.3333333333335,7516.666666666667
2015-09-01 13:30:00-07:00,2166.6666666666665,8590.0
2015-09-01 14:00:00-07:00,2060.0,9660.0
2015-09-01 14:30:00-07:00,2120.0,10766.666666666666
2015-09-01 15:00:00-07:00,2003.3333333333333,11766.666666666666
2015-09-01 15:30:00-07:00,1933.3333333333333,12800.0
2015-09-01 16:00:00-07:00,1803.3333333333333,13700.0
2015-09-01 16:30:00-07:00,1546.6666666666667,14533.333333333334
2015-09-01 17:00:00-07:00,1373.3333333333333,15300.0
2015-09-01 17:30:00-07:00,1120.0,15933.333333333334
2015-09-01 18:00:00-07:00,801.6666666666666,16400.0
2015-09-01 18:30:00-07:00,231.13333384195963,16666.666666666668
2015-09-01 19:00:00-07:00,48.46666653951009,16700.0
2015-09-01 19:30:00-07:00,11.699999809265137,16700.0
2015-09-01 20:00:00-07:00,0.11999999731779099,16700.0
2015-09-02 06:30:00-07:00,11.5,1.0199999809265137
2015-09-02 07:00:00-07:00,55.06666819254557,14.856666882832846
2015-09-02 07:30:00-07:00,195.66666666666666,83.60000101725261
2015-09-02 08:00:00-07:00,279.6666666666667,208.0
2015-09-02 08:30:00-07:00,341.6666666666667,375.3333333333333
2015-09-02 09:00:00-07:00,506.6666666666667,577.6666666666666
2015-09-02 09:30:00-07:00,724.3333333333334,900.0
2015-09-02 10:00:00-07:00,1306.6666666666667,1423.3333333333333
2015-09-02 10:30:00-07:00,1640.0,2166.6666666666665
2015-09-02 11:00:00-07:00,1820.0,3090.0
2015-09-02 11:30:00-07:00,1945.0,3905.0
2015-09-02 12:00:00-07:00,2033.3333333333333,4743.333333333333
2015-09-02 12:30:00-07:00,2116.6666666666665,5773.333333333333
2015-09-02 13:00:00-07:00,2156.6666666666665,6870.0
2015-09-02 13:30:00-07:00,2173.3333333333335,7953.333333333333
2015-09-02 14:00:00-07:00,2120.0,9000.0
2015-09-02 14:30:00-07:00,2153.3333333333335,10126.666666666666
2015-09-02 15:00:00-07:00,2096.6666666666665,11166.666666666666
2015-09-02 15:30:00-07:00,1986.6666666666667,12233.333333333334
2015-09-02 16:00:00-07:00,1850.0,13200.0
2015-09-02 16:30:00-07:00,1690.0,14033.333333333334
2015-09-02 17:00:00-07:00,1443.3333333333333,14833.333333333334
2015-09-02 17:30:00-07:00,1193.3333333333333,15500.0
2015-09-02 18:00:00-07:00,857.3333333333334,15966.666666666666
2015-09-02 18:30:00-07:00,254.56666564941406,16266.666666666666
2015-09-02 19:00:00-07:00,50.03333409627279,16300.0
2015-09-02 19:30:00-07:00,3.4533333778381348,16300.0
2015-09-02 20:00:00-07:00,0.0,16300.0
2015-09-03 06:30:00-07:00,9.449999809265137,0.20000000298023224
2015-09-03 07:00:00-07:00,45.83333269755045,11.249999761581421
2015-09-03 07:30:00-07:00,91.7000020345052,45.166666666666664
2015-09-03 08:00:00-07:00,251.0,118.36666615804036
2015-09-03 08:30:00-07:00,495.0,296.3333333333333
2015-09-03 09:00:00-07:00,781.0,617.6666666666666
2015-09-03 09:30:00-07:00,1059.0,1083.6666666666667
2015-09-03 10:00:00-07:00,1376.6666666666667,1760.0
2015-09-03 10:30:00-07:00,1603.3333333333333,2540.0
2015-09-03 11:00:00-07:00,1756.6666666666667,3413.3333333333335
2015-09-03 11:30:00-07:00,1946.6666666666667,4400.0
2015-09-03 12:00:00-07:00,2056.6666666666665,5340.0
2015-09-03 12:30:00-07:00,2056.6666666666665,6430.0
2015-09-03 13:00:00-07:00,2216.6666666666665,7576.666666666667
2015-09-03 13:30:00-07:00,2223.3333333333335,8690.0
2015-09-03 14:00:00-07:00,2193.3333333333335,9810.0
2015-09-03 14:30:00-07:00,2150.0,10900.0
2015-09-03 15:00:00-07:00,2086.6666666666665,11933.333333333334
2015-09-03 15:30:00-07:00,1995.0,12850.0
2015-09-03 16:00:00-07:00,1863.3333333333333,13600.0
2015-09-03 16:30:00-07:00,1706.6666666666667,14466.666666666666
2015-09-03 17:00:00-07:00,1480.0,15300.0
2015-09-03 17:30:00-07:00,1210.0,15933.333333333334
2015-09-03 18:00:00-07:00,864.6666666666666,16466.666666666668
2015-09-03 18:30:00-07:00,259.0,16766.666666666668
2015-09-03 19:00:00-07:00,59.53333409627279,16800.0
2015-09-03 19:30:00-07:00,14.513333002726236,16800.0
2015-09-03 20:00:00-07:00,4.039999961853027,16800.0
2015-09-04 06:30:00-07:00,2.0,0.09000000357627869
2015-09-04 07:00:00-07:00,39.26666704813639,9.616666793823242
2015-09-04 07:30:00-07:00,89.66666666666667,44.40000025431315
2015-09-04 08:00:00-07:00,211.0,118.16666666666667
2015-09-04 08:30:00-07:00,460.6666666666667,294.3333333333333
2015-09-04 09:00:00-07:00,769.6666666666666,615.0
2015-09-04 09:30:00-07:00,1087.6666666666667,1089.3333333333333
2015-09-04 10:00:00-07:00,1346.6666666666667,1686.6666666666667
2015-09-04 10:30:00-07:00,1633.3333333333333,2496.6666666666665
2015-09-04 11:00:00-07:00,1816.6666666666667,3353.3333333333335
2015-09-04 11:30:00-07:00,1933.3333333333333,4283.333333333333
2015-09-04 12:00:00-07:00,2080.0,5336.666666666667
2015-09-04 12:30:00-07:00,2080.0,6350.0
2015-09-04 13:00:00-07:00,2070.0,7383.333333333333
2015-09-04 13:30:00-07:00,2083.3333333333335,8430.0
2015-09-04 14:00:00-07:00,2083.3333333333335,9536.666666666666
2015-09-04 14:30:00-07:00,2060.0,10700.0
2015-09-04 15:00:00-07:00,2000.0,11633.333333333334
2015-09-04 15:30:00-07:00,1820.0,12633.333333333334
2015-09-04 16:00:00-07:00,1763.3333333333333,13600.0
2015-09-04 16:30:00-07:00,1590.0,14433.333333333334
2015-09-04 17:00:00-07:00,1443.3333333333333,15566.666666666666
2015-09-04 17:30:00-07:00,1128.6666666666667,16400.0
2015-09-04 18:00:00-07:00,576.3333333333334,16833.333333333332
2015-09-04 18:30:00-07:00,112.93333435058594,17000.0
2015-09-04 19:00:00-07:00,34.46666717529297,17000.0
2015-09-04 19:30:00-07:00,3.339999874432882,17000.0
2015-09-04 20:00:00-07:00,0.0,17000.0
2015-09-05 06:30:00-07:00,18.480000376701355,0.6499999761581421
2015-09-05 07:00:00-07:00,52.3999989827474,15.616666952768961
2015-09-05 07:30:00-07:00,96.16666666666667,53.833333333333336
2015-09-05 08:00:00-07:00,270.0,146.33333333333334
2015-09-05 08:30:00-07:00,512.6666666666666,341.0
2015-09-05 09:00:00-07:00,835.0,710.3333333333334
2015-09-05 09:30:00-07:00,1150.0,1220.0
2015-09-05 10:00:00-07:00,1396.6666666666667,1850.0
2015-09-05 10:30:00-07:00,1676.6666666666667,2680.0
2015-09-05 11:00:00-07:00,1843.3333333333333,3556.6666666666665
2015-09-05 11:30:00-07:00,1986.6666666666667,4523.333333333333
2015-09-05 12:00:00-07:00,2120.0,5420.0
2015-09-05 12:30:00-07:00,2143.3333333333335,6276.666666666667
2015-09-05 13:00:00-07:00,2240.0,7423.333333333333
2015-09-05 13:30:00-07:00,2236.6666666666665,8560.0
2015-09-05 14:00:00-07:00,2236.6666666666665,9700.0
2015-09-05 14:30:00-07:00,2196.6666666666665,10800.0
2015-09-05 15:00:00-07:00,2106.6666666666665,11866.666666666666
2015-09-05 15:30:00-07:00,1960.0,13000.0
2015-09-05 16:00:00-07:00,1846.6666666666667,13966.666666666666
2015-09-05 16:30:00-07:00,1646.6666666666667,14833.333333333334
2015-09-05 17:00:00-07:00,1410.0,15633.333333333334
2015-09-05 17:30:00-07:00,1126.6666666666667,16266.666666666666
2015-09-05 18:00:00-07:00,795.6666666666666,16666.666666666668
2015-09-05 18:30:00-07:00,164.96666717529297,16933.333333333332
2015-09-05 19:00:00-07:00,43.29999987284342,17000.0
2015-09-05 19:30:00-07:00,10.50333309173584,17000.0
2015-09-05 20:00:00-07:00,0.0,17000.0
2015-09-06 06:30:00-07:00,14.989999622106552,0.8650000095367432
2015-09-06 07:00:00-07:00,92.6999994913737,25.066666920979817
2015-09-06 07:30:00-07:00,212.66666666666666,107.16666666666667
2015-09-06 08:00:00-07:00,269.0,235.0
2015-09-06 08:30:00-07:00,458.3333333333333,407.0
2015-09-06 09:00:00-07:00,704.6666666666666,716.6666666666666
2015-09-06 09:30:00-07:00,1103.3333333333333,1196.6666666666667
2015-09-06 10:00:00-07:00,1343.3333333333333,1803.3333333333333
2015-09-06 10:30:00-07:00,1563.3333333333333,2573.3333333333335
2015-09-06 11:00:00-07:00,1796.6666666666667,3423.3333333333335
2015-09-06 11:30:00-07:00,1910.0,4380.0
2015-09-06 12:00:00-07:00,2053.3333333333335,5410.0
2015-09-06 12:30:00-07:00,2136.6666666666665,6463.333333333333
2015-09-06 13:00:00-07:00,2166.6666666666665,7513.333333333333
2015-09-06 13:30:00-07:00,2226.6666666666665,8686.666666666666
2015-09-06 14:00:00-07:00,2203.3333333333335,9806.666666666666
2015-09-06 14:30:00-07:00,2160.0,10900.0
2015-09-06 15:00:00-07:00,2090.0,11966.666666666666
2015-09-06 15:30:00-07:00,1976.6666666666667,13000.0
2015-09-06 16:00:00-07:00,1700.0,13866.666666666666
2015-09-06 16:30:00-07:00,1650.0,14800.0
2015-09-06 17:00:00-07:00,1455.0,15400.0
2015-09-06 17:30:00-07:00,1220.0,16000.0
2015-09-06 18:00:00-07:00,906.6666666666666,16500.0
2015-09-06 18:30:00-07:00,201.33333333333334,16800.0
2015-09-06 19:00:00-07:00,42.86666615804037,16800.0
2015-09-06 19:30:00-07:00,2.4600000381469727,16800.0
2015-09-06 20:00:00-07:00,0.0,16800.0
2015-09-07 06:30:00-07:00,1.3799999952316284,0.07999999821186066
2015-09-07 07:00:00-07:00,35.36666742960612,8.439999977747599
2015-09-07 07:30:00-07:00,68.36666615804036,35.0
2015-09-07 08:00:00-07:00,178.66666666666666,96.53333282470703
2015-09-07 08:30:00-07:00,437.6666666666667,257.6666666666667
2015-09-07 09:00:00-07:00,753.6666666666666,550.0
2015-09-07 09:30:00-07:00,1067.6666666666667,1044.6666666666667
2015-09-07 10:00:00-07:00,1340.0,1656.6666666666667
2015-09-07 10:30:00-07:00,1506.6666666666667,2380.0
2015-09-07 11:00:00-07:00,1730.0,3220.0
2015-09-07 11:30:00-07:00,1900.0,4133.333333333333
2015-09-07 12:00:00-07:00,1976.6666666666667,5130.0
2015-09-07 12:30:00-07:00,2086.6666666666665,6176.666666666667
2015-09-07 13:00:00-07:00,2040.0,7176.666666666667
2015-09-07 13:30:00-07:00,2043.3333333333333,8233.333333333334
2015-09-07 14:00:00-07:00,2116.6666666666665,9390.0
2015-09-07 14:30:00-07:00,2026.6666666666667,10400.0
2015-09-07 15:00:00-07:00,1906.6666666666667,11400.0
2015-09-07 15:30:00-07:00,1886.6666666666667,12400.0
2015-09-07 16:00:00-07:00,1653.3333333333333,13300.0
2015-09-07 16:30:00-07:00,1566.6666666666667,14166.666666666666
2015-09-07 17:00:00-07:00,1356.6666666666667,14900.0
2015-09-07 17:30:00-07:00,1103.3333333333333,15500.0
2015-09-07 18:00:00-07:00,663.6666666666666,15966.666666666666
2015-09-07 18:30:00-07:00,105.66666666666667,16166.666666666666
2015-09-07 19:00:00-07:00,27.0566668510437,16200.0
2015-09-07 19:30:00-07:00,4.46999979019165,16200.0
2015-09-07 20:00:00-07:00,0.0,16200.0
2015-09-08 06:30:00-07:00,6.745000183582306,0.6399999903514981
2015-09-08 07:00:00-07:00,48.53333409627279,14.633333206176758
2015-09-08 07:30:00-07:00,86.5999984741211,49.53333409627279
2015-09-08 08:00:00-07:00,191.5,106.20000076293945
2015-09-08 08:30:00-07:00,407.3333333333333,241.66666666666666
2015-09-08 09:00:00-07:00,716.0,534.6666666666666
2015-09-08 09:30:00-07:00,1025.6666666666667,985.6666666666666
2015-09-08 10:00:00-07:00,1296.6666666666667,1580.0
2015-09-08 10:30:00-07:00,1520.0,2286.6666666666665
2015-09-08 11:00:00-07:00,1716.6666666666667,3133.3333333333335
2015-09-08 11:30:00-07:00,1860.0,4023.3333333333335
2015-09-08 12:00:00-07:00,1850.0,4930.0
2015-09-08 12:30:00-07:00,2036.6666666666667,6013.333333333333
2015-09-08 13:00:00-07:00,2073.3333333333335,7050.0
2015-09-08 13:30:00-07:00,2083.3333333333335,8093.333333333333
2015-09-08 14:00:00-07:00,2066.6666666666665,9133.333333333334
2015-09-08 14:30:00-07:00,2026.6666666666667,10176.666666666666
2015-09-08 15:00:00-07:00,1983.3333333333333,11166.666666666666
2015-09-08 15:30:00-07:00,1873.3333333333333,12166.666666666666
2015-09-08 16:00:00-07:00,1736.6666666666667,13033.333333333334
2015-09-08 16:30:00-07:00,1540.0,13933.333333333334
2015-09-08 17:00:00-07:00,1270.0,14666.666666666666
2015-09-08 17:30:00-07:00,999.6666666666666,15233.333333333334
2015-09-08 18:00:00-07:00,657.6666666666666,15666.666666666666
2015-09-08 18:30:00-07:00,124.56666564941406,15833.333333333334
2015-09-08 19:00:00-07:00,24.486667156219482,15900.0
2015-09-08 19:30:00-07:00,3.1299999554951987,15900.0
2015-09-09 06:30:00-07:00,7.100000202655792,0.13500000536441803
2015-09-09 07:00:00-07:00,37.15000057220459,6.8150001764297485
2015-09-09 07:30:00-07:00,66.33333333333333,29.799999872843426
2015-09-09 08:00:00-07:00,172.0,79.8333346048991
2015-09-09 08:30:00-07:00,415.0,213.0
2015-09-09 09:00:00-07:00,698.3333333333334,482.0
2015-09-09 09:30:00-07:00,998.3333333333334,905.0
2015-09-09 10:00:00-07:00,1280.0,1510.0
2015-09-09 10:30:00-07:00,1483.3333333333333,2233.3333333333335
2015-09-09 11:00:00-07:00,1633.3333333333333,2983.3333333333335
2015-09-09 11:30:00-07:00,1823.3333333333333,3930.0
2015-09-09 12:00:00-07:00,1926.6666666666667,4880.0
2015-09-09 12:30:00-07:00,2003.3333333333333,5820.0
2015-09-09 13:00:00-07:00,2003.3333333333333,6870.0
2015-09-09 13:30:00-07:00,2060.0,7886.666666666667
2015-09-09 14:00:00-07:00,2036.6666666666667,8980.0
2015-09-09 14:30:00-07:00,2000.0,9926.666666666666
2015-09-09 15:00:00-07:00,1933.3333333333333,10866.666666666666
2015-09-09 15:30:00-07:00,1816.6666666666667,11900.0
2015-09-09 16:00:00-07:00,1546.6666666666667,12633.333333333334
2015-09-09 16:30:00-07:00,1476.6666666666667,13566.666666666666
2015-09-09 17:00:00-07:00,1250.0,14300.0
2015-09-09 17:30:00-07:00,1014.3333333333334,14766.666666666666
2015-09-09 18:00:00-07:00,592.3333333333334,15200.0
2015-09-09 18:30:00-07:00,92.10000101725261,15400.0
2015-09-09 19:00:00-07:00,18.45666726430257,15400.0
2015-09-09 19:30:00-07:00,1.5799999237060547,15400.0
2015-09-10 06:30:00-07:00,1.190000057220459,0.05000000074505806
2015-09-10 07:00:00-07:00,46.60000038146973,12.023333549499512
2015-09-10 07:30:00-07:00,102.33333333333333,53.166666666666664
2015-09-10 08:00:00-07:00,268.6666666666667,145.63333384195963
2015-09-10 08:30:00-07:00,556.6666666666666,364.6666666666667
2015-09-10 09:00:00-07:00,691.5,619.0
2015-09-10 09:30:00-07:00,1002.6666666666666,1028.6666666666667
2015-09-10 10:00:00-07:00,721.0,1456.6666666666667
2015-09-10 10:30:00-07:00,1416.6666666666667,2006.6666666666667
2015-09-10 11:00:00-07:00,1596.6666666666667,2806.6666666666665
2015-09-10 11:30:00-07:00,1780.0,3676.6666666666665
2015-09-10 12:00:00-07:00,1890.0,4620.0
2015-09-10 12:30:00-07:00,1973.3333333333333,5600.0
2015-09-10 13:00:00-07:00,2013.3333333333333,6593.333333333333
2015-09-10 13:30:00-07:00,2026.6666666666667,7600.0
2015-09-10 14:00:00-07:00,1933.3333333333333,8593.333333333334
2015-09-10 14:30:00-07:00,1953.3333333333333,9606.666666666666
2015-09-10 15:00:00-07:00,1816.6666666666667,10500.0
2015-09-10 15:30:00-07:00,1813.3333333333333,11600.0
2015-09-10 16:00:00-07:00,1666.6666666666667,12433.333333333334
2015-09-10 16:30:00-07:00,1332.6666666666667,13133.333333333334
2015-09-10 17:00:00-07:00,1290.0,13866.666666666666
2015-09-10 17:30:00-07:00,1025.6666666666667,14433.333333333334
2015-09-10 18:00:00-07:00,615.3333333333334,14866.666666666666
2015-09-10 18:30:00-07:00,92.3000005086263,15000.0
2015-09-10 19:00:00-07:00,28.143333276112873,15066.666666666666
2015-09-10 19:30:00-07:00,4.953333218892415,15100.0
2015-09-11 07:00:00-07:00,66.36666679382324,12.7533331712087
2015-09-11 07:30:00-07:00,200.66666666666666,89.26666768391927
2015-09-11 08:00:00-07:00,311.0,211.66666666666666
2015-09-11 08:30:00-07:00,510.3333333333333,430.3333333333333
2015-09-11 09:00:00-07:00,780.3333333333334,760.6666666666666
2015-09-11 09:30:00-07:00,940.3333333333334,1213.3333333333333
2015-09-11 10:00:00-07:00,1403.3333333333333,1820.0
2015-09-11 10:30:00-07:00,1520.0,2533.3333333333335
2015-09-11 11:00:00-07:00,1660.0,3353.3333333333335
2015-09-11 11:30:00-07:00,1840.0,4260.0
2015-09-11 12:00:00-07:00,1946.6666666666667,5180.0
2015-09-11 12:30:00-07:00,2016.6666666666667,6223.333333333333
2015-09-11 13:00:00-07:00,2065.0,7080.0
2015-09-11 13:30:00-07:00,2080.0,7933.333333333333
2015-09-11 14:00:00-07:00,2000.0,8953.333333333334
2015-09-11 14:30:00-07:00,2033.3333333333333,10033.333333333334
2015-09-11 15:00:00-07:00,1873.3333333333333,11000.0
2015-09-11 15:30:00-07:00,1820.0,11966.666666666666
2015-09-11 16:00:00-07:00,1716.6666666666667,12900.0
2015-09-11 16:30:00-07:00,1496.6666666666667,13700.0
2015-09-11 17:00:00-07:00,1233.3333333333333,14400.0
2015-09-11 17:30:00-07:00,873.6666666666666,14900.0
2015-09-11 18:00:00-07:00,588.3333333333334,15300.0
2015-09-11 18:30:00-07:00,117.03333282470703,15400.0
2015-09-11 19:00:00-07:00,17.403333346048992,15400.0
2015-09-11 19:30:00-07:00,4.586666742960612,15400.0
2015-09-12 06:30:00-07:00,0.3100000023841858,0.0
2015-09-12 07:00:00-07:00,39.13333384195963,19.580000400543213
2015-09-12 07:30:00-07:00,99.46666717529297,59.766666412353516
2015-09-12 08:00:00-07:00,279.6666666666667,150.66666666666666
2015-09-12 08:30:00-07:00,446.0,360.6666666666667
2015-09-12 09:00:00-07:00,425.3333333333333,565.3333333333334
2015-09-12 09:30:00-07:00,774.3333333333334,856.0
2015-09-12 10:00:00-07:00,1116.6666666666667,1456.6666666666667
2015-09-12 10:30:00-07:00,664.0,1863.3333333333333
2015-09-12 11:00:00-07:00,685.0,2203.3333333333335
2015-09-12 11:30:00-07:00,752.0,2596.6666666666665
2015-09-12 12:00:00-07:00,467.5,2940.0
2015-09-12 12:30:00-07:00,330.0,3090.0
2015-09-12 13:00:00-07:00,412.6666666666667,3286.6666666666665
2015-09-12 13:30:00-07:00,550.6666666666666,3523.3333333333335
2015-09-12 14:00:00-07:00,1016.0,4030.0
2015-09-12 14:30:00-07:00,793.6666666666666,4490.0
2015-09-12 15:00:00-07:00,442.0,4793.333333333333
2015-09-12 15:30:00-07:00,390.6666666666667,5006.666666666667
2015-09-12 16:00:00-07:00,285.3333333333333,5176.666666666667
2015-09-12 16:30:00-07:00,296.0,5295.0
2015-09-12 17:00:00-07:00,457.3333333333333,5483.333333333333
2015-09-12 17:30:00-07:00,220.33333333333334,5650.0
2015-09-12 18:00:00-07:00,101.36666615804036,5723.333333333333
2015-09-12 18:30:00-07:00,45.63333257039388,5760.0
2015-09-12 19:00:00-07:00,15.700000127156576,5776.666666666667
2015-09-12 19:30:00-07:00,4.603333473205566,5780.0
2015-09-13 07:00:00-07:00,26.096666018168133,5.600000063578288
2015-09-13 07:30:00-07:00,111.56666564941406,43.06666692097982
2015-09-13 08:00:00-07:00,268.3333333333333,141.73333231608072
2015-09-13 08:30:00-07:00,394.6666666666667,314.3333333333333
2015-09-13 09:00:00-07:00,588.0,554.0
2015-09-13 09:30:00-07:00,854.3333333333334,924.3333333333334
2015-09-13 10:00:00-07:00,626.3333333333334,1296.6666666666667
2015-09-13 10:30:00-07:00,768.0,1650.0
2015-09-13 11:00:00-07:00,671.3333333333334,2000.0
2015-09-13 11:30:00-07:00,758.6666666666666,2346.6666666666665
2015-09-13 12:00:00-07:00,1095.6666666666667,2830.0
2015-09-13 12:30:00-07:00,1226.6666666666667,3440.0
2015-09-13 13:00:00-07:00,1001.6666666666666,3993.3333333333335
2015-09-13 13:30:00-07:00,689.0,4426.666666666667
2015-09-13 14:00:00-07:00,690.3333333333334,4753.333333333333
2015-09-13 14:30:00-07:00,737.0,5116.666666666667
2015-09-13 15:00:00-07:00,810.3333333333334,5490.0
2015-09-13 15:30:00-07:00,942.3333333333334,5940.0
2015-09-13 16:00:00-07:00,951.3333333333334,6456.666666666667
2015-09-13 16:30:00-07:00,847.0,6923.333333333333
2015-09-13 17:00:00-07:00,728.3333333333334,7506.666666666667
2015-09-13 17:30:00-07:00,618.5,8095.0
2015-09-13 18:00:00-07:00,367.6666666666667,8276.666666666666
2015-09-13 18:30:00-07:00,148.33333333333334,8403.333333333334
2015-09-13 19:00:00-07:00,33.43999926249186,8443.333333333334
2015-09-13 19:30:00-07:00,4.613333384195964,8450.0
2015-09-14 06:30:00-07:00,0.6000000238418579,0.019999999552965164
2015-09-14 07:00:00-07:00,42.63333320617676,11.309999942779541
2015-09-14 07:30:00-07:00,159.33333333333334,65.19999821980794
2015-09-14 08:00:00-07:00,299.0,165.0
2015-09-14 08:30:00-07:00,342.3333333333333,301.6666666666667
2015-09-14 09:00:00-07:00,544.6666666666666,510.6666666666667
2015-09-14 09:30:00-07:00,510.3333333333333,821.6666666666666
2015-09-14 10:00:00-07:00,664.3333333333334,1136.6666666666667
2015-09-14 10:30:00-07:00,747.6666666666666,1466.6666666666667
2015-09-14 11:00:00-07:00,725.6666666666666,1820.0
2015-09-14 11:30:00-07:00,1530.0,2406.6666666666665
2015-09-14 12:00:00-07:00,1015.3333333333334,3110.0
2015-09-14 12:30:00-07:00,794.0,3533.3333333333335
2015-09-14 13:00:00-07:00,801.6666666666666,3990.0
2015-09-14 13:30:00-07:00,1383.3333333333333,4606.666666666667
2015-09-14 14:00:00-07:00,781.0,5133.333333333333
2015-09-14 14:30:00-07:00,495.3333333333333,5446.666666666667
2015-09-14 15:00:00-07:00,460.0,5696.666666666667
2015-09-14 15:30:00-07:00,320.0,5886.666666666667
2015-09-14 16:00:00-07:00,258.6666666666667,6016.666666666667
2015-09-14 16:30:00-07:00,447.6666666666667,6210.0
2015-09-14 17:00:00-07:00,290.0,6390.0
2015-09-14 17:30:00-07:00,241.33333333333334,6513.333333333333
2015-09-14 18:00:00-07:00,329.3333333333333,6663.333333333333
2015-09-14 18:30:00-07:00,80.23333231608073,6770.0
2015-09-14 19:00:00-07:00,19.0,6780.0
2015-09-14 19:30:00-07:00,5.800000190734863,6780.0
2015-09-15 07:00:00-07:00,31.276667435963947,5.829999923706055
2015-09-15 07:30:00-07:00,114.46666717529297,44.70000076293945
2015-09-15 08:00:00-07:00,377.3333333333333,159.36666615804037
2015-09-15 08:30:00-07:00,535.0,427.6666666666667
2015-09-15 09:00:00-07:00,766.0,643.0
2015-09-15 09:30:00-07:00,887.6666666666666,973.3333333333334
2015-09-15 10:00:00-07:00,1067.0,1493.3333333333333
2015-09-15 10:30:00-07:00,1516.6666666666667,2266.6666666666665
2015-09-15 11:00:00-07:00,1726.6666666666667,3166.6666666666665
2015-09-15 11:30:00-07:00,1863.3333333333333,4023.3333333333335
2015-09-15 12:00:00-07:00,1993.3333333333333,5070.0
2015-09-15 12:30:00-07:00,2070.0,6070.0
2015-09-15 13:00:00-07:00,2150.0,7146.666666666667
2015-09-15 13:30:00-07:00,2180.0,8240.0
2015-09-15 14:00:00-07:00,2216.6666666666665,9303.333333333334
2015-09-15 14:30:00-07:00,1311.0,10126.666666666666
2015-09-15 15:00:00-07:00,2100.0,11066.666666666666
2015-09-15 15:30:00-07:00,1970.0,12066.666666666666
2015-09-15 16:00:00-07:00,1796.6666666666667,13100.0
2015-09-15 16:30:00-07:00,1603.3333333333333,13866.666666666666
2015-09-15 17:00:00-07:00,1171.0,14566.666666666666
2015-09-15 17:30:00-07:00,1016.3333333333334,15133.333333333334
2015-09-15 18:00:00-07:00,479.3333333333333,15500.0
2015-09-15 18:30:00-07:00,46.06666819254557,15600.0
2015-09-15 19:00:00-07:00,8.153333028157553,15600.0
2015-09-15 19:30:00-07:00,1.7899999618530273,15600.0
2015-09-16 06:30:00-07:00,2.490000009536743,0.0
2015-09-16 07:00:00-07:00,34.866665840148926,6.979999939600627
2015-09-16 07:30:00-07:00,86.36666615804036,36.56666692097982
2015-09-16 08:00:00-07:00,248.33333333333334,129.36666615804037
2015-09-16 08:30:00-07:00,485.3333333333333,321.3333333333333
2015-09-16 09:00:00-07:00,788.6666666666666,651.3333333333334
2015-09-16 09:30:00-07:00,1083.0,1108.3333333333333
2015-09-16 10:00:00-07:00,1330.0,1645.0
2015-09-16 10:30:00-07:00,1523.3333333333333,2220.0
2015-09-16 11:00:00-07:00,1239.0,3033.3333333333335
2015-09-16 11:30:00-07:00,1586.6666666666667,3653.3333333333335
2015-09-16 12:00:00-07:00,1780.0,4640.0
2015-09-16 12:30:00-07:00,1566.6666666666667,5410.0
2015-09-16 13:00:00-07:00,1126.6666666666667,6063.333333333333
2015-09-16 13:30:00-07:00,1211.6666666666667,6663.333333333333
2015-09-16 14:00:00-07:00,1680.0,7400.0
2015-09-16 14:30:00-07:00,1453.0,8393.333333333334
2015-09-16 15:00:00-07:00,935.3333333333334,8953.333333333334
2015-09-16 15:30:00-07:00,583.0,9316.666666666666
2015-09-16 16:00:00-07:00,532.3333333333334,9580.0
2015-09-16 16:30:00-07:00,1053.6666666666667,9983.333333333334
2015-09-16 17:00:00-07:00,499.0,10400.0
2015-09-16 17:30:00-07:00,467.0,10666.666666666666
2015-09-16 18:00:00-07:00,113.73333231608073,10800.0
2015-09-16 18:30:00-07:00,37.76666704813639,10800.0
2015-09-16 19:00:00-07:00,11.399999618530273,10800.0
2015-09-16 19:30:00-07:00,0.25,10800.0
2015-09-17 07:00:00-07:00,38.16666603088379,8.206666598717371
2015-09-17 07:30:00-07:00,159.1999994913737,55.83333396911621
2015-09-17 08:00:00-07:00,290.6666666666667,180.66666666666666
2015-09-17 08:30:00-07:00,453.6666666666667,403.3333333333333
2015-09-17 09:00:00-07:00,689.6666666666666,676.0
2015-09-17 09:30:00-07:00,880.6666666666666,1135.6666666666667
2015-09-17 10:00:00-07:00,873.3333333333334,1650.0
2015-09-17 10:30:00-07:00,1436.6666666666667,2233.3333333333335
2015-09-17 11:00:00-07:00,1753.3333333333333,3050.0
2015-09-17 11:30:00-07:00,1936.6666666666667,3963.3333333333335
2015-09-17 12:00:00-07:00,2053.3333333333335,4993.333333333333
2015-09-17 12:30:00-07:00,2146.6666666666665,6026.666666666667
2015-09-17 13:00:00-07:00,2185.0,6925.0
2015-09-17 13:30:00-07:00,2193.3333333333335,7890.0
2015-09-17 14:00:00-07:00,2173.3333333333335,8973.333333333334
2015-09-17 14:30:00-07:00,2086.6666666666665,10023.333333333334
2015-09-17 15:00:00-07:00,2043.3333333333333,11100.0
2015-09-17 15:30:00-07:00,1913.3333333333333,12100.0
2015-09-17 16:00:00-07:00,1746.6666666666667,13000.0
2015-09-17 16:30:00-07:00,1553.3333333333333,13866.666666666666
2015-09-17 17:00:00-07:00,1293.3333333333333,14600.0
2015-09-17 17:30:00-07:00,992.3333333333334,15166.666666666666
2015-09-17 18:00:00-07:00,540.3333333333334,15600.0
2015-09-17 18:30:00-07:00,95.26666641235352,15700.0
2015-09-17 19:00:00-07:00,11.766666730244955,15700.0
2015-09-17 19:30:00-07:00,2.325000047683716,15700.0
2015-09-18 06:30:00-07:00,0.03999999910593033,0.0
2015-09-18 07:00:00-07:00,31.366666158040363,6.383333305517833
2015-09-18 07:30:00-07:00,74.60000101725261,35.33333269755045
2015-09-18 08:00:00-07:00,201.33333333333334,102.86666870117188
2015-09-18 08:30:00-07:00,465.0,278.3333333333333
2015-09-18 09:00:00-07:00,748.3333333333334,594.6666666666666
2015-09-18 09:30:00-07:00,1052.0,1061.0
2015-09-18 10:00:00-07:00,1316.6666666666667,1660.0
2015-09-18 10:30:00-07:00,1550.0,2390.0
2015-09-18 11:00:00-07:00,1746.6666666666667,3240.0
2015-09-18 11:30:00-07:00,1893.3333333333333,4136.666666666667
2015-09-18 12:00:00-07:00,2000.0,5143.333333333333
2015-09-18 12:30:00-07:00,2083.3333333333335,6173.333333333333
2015-09-18 13:00:00-07:00,2113.3333333333335,7216.666666666667
2015-09-18 13:30:00-07:00,2140.0,8310.0
2015-09-18 14:00:00-07:00,2063.3333333333335,9336.666666666666
2015-09-18 14:30:00-07:00,1913.3333333333333,10296.666666666666
2015-09-18 15:00:00-07:00,1936.6666666666667,11333.333333333334
2015-09-18 15:30:00-07:00,1850.0,12250.0
2015-09-18 16:00:00-07:00,1723.3333333333333,13000.0
2015-09-18 16:30:00-07:00,1523.3333333333333,13833.333333333334
2015-09-18 17:00:00-07:00,1306.6666666666667,14533.333333333334
2015-09-18 17:30:00-07:00,1002.3333333333334,15133.333333333334
2015-09-18 18:00:00-07:00,535.0,15533.333333333334
2015-09-18 18:30:00-07:00,90.63333129882812,15600.0
2015-09-18 19:00:00-07:00,11.926666895548502,15700.0
2015-09-18 19:30:00-07:00,2.193333307902018,15700.0
2015-09-19 07:00:00-07:00,22.350000540415447,4.136666516462962
2015-09-19 07:30:00-07:00,63.23333231608073,28.366666793823242
2015-09-19 08:00:00-07:00,181.66666666666666,88.46666590372722
2015-09-19 08:30:00-07:00,411.3333333333333,243.66666666666666
2015-09-19 09:00:00-07:00,714.6666666666666,536.6666666666666
2015-09-19 09:30:00-07:00,1026.3333333333333,986.0
2015-09-19 10:00:00-07:00,1303.3333333333333,1590.0
2015-09-19 10:30:00-07:00,1496.6666666666667,2276.6666666666665
2015-09-19 11:00:00-07:00,1723.3333333333333,3143.3333333333335
2015-09-19 11:30:00-07:00,1870.0,4040.0
2015-09-19 12:00:00-07:00,1893.3333333333333,4960.0
2015-09-19 12:30:00-07:00,2050.0,6036.666666666667
2015-09-19 13:00:00-07:00,2093.3333333333335,7070.0
2015-09-19 13:30:00-07:00,2103.3333333333335,8116.666666666667
2015-09-19 14:00:00-07:00,2076.6666666666665,9190.0
2015-09-19 14:30:00-07:00,2023.3333333333333,10186.666666666666
2015-09-19 15:00:00-07:00,1933.3333333333333,11333.333333333334
2015-09-19 15:30:00-07:00,1806.6666666666667,12200.0
2015-09-19 16:00:00-07:00,1553.3333333333333,13066.666666666666
2015-09-19 16:30:00-07:00,1396.6666666666667,13866.666666666666
2015-09-19 17:00:00-07:00,1230.0,14500.0
2015-09-19 17:30:00-07:00,986.6666666666666,14900.0
2015-09-19 18:00:00-07:00,562.3333333333334,15300.0
2015-09-19 18:30:00-07:00,89.16666666666667,15400.0
2015-09-19 19:00:00-07:00,12.373333613077799,15400.0
2015-09-19 19:30:00-07:00,2.6050000190734863,15400.0
2015-09-20 07:00:00-07:00,17.08999987443288,2.793333331743876
2015-09-20 07:30:00-07:00,58.00000127156576,24.199999809265137
2015-09-20 08:00:00-07:00,135.46666717529297,71.09999974568684
2015-09-20 08:30:00-07:00,365.0,200.33333333333334
2015-09-20 09:00:00-07:00,666.3333333333334,471.3333333333333
2015-09-20 09:30:00-07:00,974.3333333333334,893.0
2015-09-20 10:00:00-07:00,1253.3333333333333,1390.0
2015-09-20 10:30:00-07:00,1490.0,2083.3333333333335
2015-09-20 11:00:00-07:00,1650.0,2936.6666666666665
2015-09-20 11:30:00-07:00,1783.3333333333333,3790.0
2015-09-20 12:00:00-07:00,1770.0,4710.0
2015-09-20 12:30:00-07:00,1926.6666666666667,5826.666666666667
2015-09-20 13:00:00-07:00,2000.0,6853.333333333333
2015-09-20 13:30:00-07:00,1930.0,7806.666666666667
2015-09-20 14:00:00-07:00,1980.0,8883.333333333334
2015-09-20 14:30:00-07:00,1936.6666666666667,9826.666666666666
2015-09-20 15:00:00-07:00,1776.6666666666667,10733.333333333334
2015-09-20 15:30:00-07:00,1733.3333333333333,11700.0
2015-09-20 16:00:00-07:00,1476.6666666666667,12466.666666666666
2015-09-20 16:30:00-07:00,1366.6666666666667,13233.333333333334
2015-09-20 17:00:00-07:00,1156.6666666666667,13900.0
2015-09-20 17:30:00-07:00,794.6666666666666,14366.666666666666
2015-09-20 18:00:00-07:00,361.0,14666.666666666666
2015-09-20 18:30:00-07:00,51.75,14800.0
2015-09-20 19:00:00-07:00,14.146666844685873,14800.0
2015-09-20 19:30:00-07:00,3.059999942779541,14800.0
2015-09-21 06:30:00-07:00,0.1899999976158142,0.0
2015-09-21 07:00:00-07:00,33.56666660308838,5.953333348035812
2015-09-21 07:30:00-07:00,64.45000076293945,25.950000762939453
2015-09-21 08:00:00-07:00,147.8999989827474,64.5
2015-09-21 08:30:00-07:00,339.6666666666667,180.33333333333334
2015-09-21 09:00:00-07:00,653.3333333333334,424.3333333333333
2015-09-21 09:30:00-07:00,934.0,796.0
2015-09-21 10:00:00-07:00,1186.6666666666667,1370.0
2015-09-21 10:30:00-07:00,1396.6666666666667,1940.0
2015-09-21 11:00:00-07:00,1600.0,2730.0
2015-09-21 11:30:00-07:00,1750.0,3640.0
2015-09-21 12:00:00-07:00,1856.6666666666667,4643.333333333333
2015-09-21 12:30:00-07:00,1913.3333333333333,5436.666666666667
2015-09-21 13:00:00-07:00,1973.3333333333333,6416.666666666667
2015-09-21 13:30:00-07:00,1980.0,7520.0
2015-09-21 14:00:00-07:00,1966.6666666666667,8406.666666666666
2015-09-21 14:30:00-07:00,1913.3333333333333,9550.0
2015-09-21 15:00:00-07:00,1826.6666666666667,10433.333333333334
2015-09-21 15:30:00-07:00,1693.3333333333333,11400.0
2015-09-21 16:00:00-07:00,1556.6666666666667,12166.666666666666
2015-09-21 16:30:00-07:00,1340.0,12933.333333333334
2015-09-21 17:00:00-07:00,1093.3333333333333,13566.666666666666
2015-09-21 17:30:00-07:00,852.5,14000.0
2015-09-21 18:00:00-07:00,493.6666666666667,14300.0
2015-09-21 18:30:00-07:00,65.33333333333333,14400.0
2015-09-21 19:00:00-07:00,8.893333435058594,14400.0
2015-09-21 19:30:00-07:00,2.5450000762939453,14400.0
2015-09-22 07:00:00-07:00,30.766666094462078,7.363333344459534
2015-09-22 07:30:00-07:00,83.50000127156575,37.46666717529297
2015-09-22 08:00:00-07:00,187.0,93.8499984741211
2015-09-22 08:30:00-07:00,393.6666666666667,225.66666666666666
2015-09-22 09:00:00-07:00,665.6666666666666,501.6666666666667
2015-09-22 09:30:00-07:00,962.3333333333334,918.0
2015-09-22 10:00:00-07:00,1243.3333333333333,1493.3333333333333
2015-09-22 10:30:00-07:00,1476.6666666666667,2183.3333333333335
2015-09-22 11:00:00-07:00,1676.6666666666667,2993.3333333333335
2015-09-22 11:30:00-07:00,1820.0,3876.6666666666665
2015-09-22 12:00:00-07:00,1920.0,4816.666666666667
2015-09-22 12:30:00-07:00,1946.6666666666667,5766.666666666667
2015-09-22 13:00:00-07:00,2040.0,6833.333333333333
2015-09-22 13:30:00-07:00,2060.0,7833.333333333333
2015-09-22 14:00:00-07:00,1933.3333333333333,8806.666666666666
2015-09-22 14:30:00-07:00,2016.6666666666667,9903.333333333334
2015-09-22 15:00:00-07:00,1940.0,10900.0
2015-09-22 15:30:00-07:00,1800.0,11900.0
2015-09-22 16:00:00-07:00,1663.3333333333333,12733.333333333334
2015-09-22 16:30:00-07:00,1470.0,13533.333333333334
2015-09-22 17:00:00-07:00,1206.6666666666667,14200.0
2015-09-22 17:30:00-07:00,844.0,14766.666666666666
2015-09-22 18:00:00-07:00,377.6666666666667,15066.666666666666
2015-09-22 18:30:00-07:00,51.29999987284342,15100.0
2015-09-22 19:00:00-07:00,10.600000381469727,15100.0
2015-09-22 19:30:00-07:00,0.0,15100.0
2015-09-23 07:00:00-07:00,27.043333212534588,5.203333328167598
2015-09-23 07:30:00-07:00,73.13333257039388,32.83333396911621
2015-09-23 08:00:00-07:00,196.33333333333334,94.76666768391927
2015-09-23 08:30:00-07:00,476.6666666666667,284.3333333333333
2015-09-23 09:00:00-07:00,765.0,606.6666666666666
2015-09-23 09:30:00-07:00,1072.3333333333333,1080.3333333333333
2015-09-23 10:00:00-07:00,1336.6666666666667,1700.0
2015-09-23 10:30:00-07:00,1566.6666666666667,2426.6666666666665
2015-09-23 11:00:00-07:00,1716.6666666666667,3246.6666666666665
2015-09-23 11:30:00-07:00,1880.0,4055.0
2015-09-23 12:00:00-07:00,1976.6666666666667,4863.333333333333
2015-09-23 12:30:00-07:00,2060.0,5870.0
2015-09-23 13:00:00-07:00,2110.0,6933.333333333333
2015-09-23 13:30:00-07:00,2123.3333333333335,7970.0
2015-09-23 14:00:00-07:00,2063.3333333333335,9043.333333333334
2015-09-23 14:30:00-07:00,2066.6666666666665,10120.0
2015-09-23 15:00:00-07:00,1940.0,11100.0
2015-09-23 15:30:00-07:00,1853.3333333333333,12066.666666666666
2015-09-23 16:00:00-07:00,1706.6666666666667,13000.0
2015-09-23 16:30:00-07:00,1533.3333333333333,13833.333333333334
2015-09-23 17:00:00-07:00,1203.3333333333333,14500.0
2015-09-23 17:30:00-07:00,870.0,15066.666666666666
2015-09-23 18:00:00-07:00,179.0,15266.666666666666
2015-09-23 18:30:00-07:00,47.033334732055664,15300.0
2015-09-23 19:00:00-07:00,7.12666670481364,15300.0
2015-09-23 19:30:00-07:00,0.004999999888241291,15300.0
2015-09-24 07:00:00-07:00,19.84500026702881,2.600000113248825
2015-09-24 07:30:00-07:00,68.7000020345052,24.06666628519694
2015-09-24 08:00:00-07:00,216.93333435058594,90.20000076293945
2015-09-24 08:30:00-07:00,476.3333333333333,290.0
2015-09-24 09:00:00-07:00,844.0,622.6666666666666
2015-09-24 09:30:00-07:00,835.3333333333334,1081.0
2015-09-24 10:00:00-07:00,1171.3333333333333,1570.0
2015-09-24 10:30:00-07:00,1560.0,2266.6666666666665
2015-09-24 11:00:00-07:00,1616.6666666666667,3070.0
2015-09-24 11:30:00-07:00,1856.6666666666667,3970.0
2015-09-24 12:00:00-07:00,1910.0,4913.333333333333
2015-09-24 12:30:00-07:00,1940.0,5910.0
2015-09-24 13:00:00-07:00,2006.6666666666667,6900.0
2015-09-24 13:30:00-07:00,2146.6666666666665,7936.666666666667
2015-09-24 14:00:00-07:00,1733.3333333333333,8890.0
2015-09-24 14:30:00-07:00,1953.3333333333333,9850.0
2015-09-24 15:00:00-07:00,1883.3333333333333,10800.0
2015-09-24 15:30:00-07:00,1690.0,11550.0
2015-09-24 16:00:00-07:00,1676.6666666666667,12366.666666666666
2015-09-24 16:30:00-07:00,1336.6666666666667,13066.666666666666
2015-09-24 17:00:00-07:00,1180.0,13633.333333333334
2015-09-24 17:30:00-07:00,900.3333333333334,14233.333333333334
2015-09-24 18:00:00-07:00,464.0,14600.0
2015-09-24 18:30:00-07:00,78.83333333333333,14700.0
2015-09-24 19:00:00-07:00,20.266666253407795,14800.0
2015-09-24 19:30:00-07:00,3.623333295186361,14800.0
2015-09-25 07:00:00-07:00,33.94333384434382,5.783333231384556
2015-09-25 07:30:00-07:00,117.73333231608073,48.73333295186361
2015-09-25 08:00:00-07:00,168.0,121.5
2015-09-25 08:30:00-07:00,314.0,243.0
2015-09-25 09:00:00-07:00,496.0,449.6666666666667
2015-09-25 09:30:00-07:00,769.6666666666666,752.6666666666666
2015-09-25 10:00:00-07:00,1296.6666666666667,1293.3333333333333
2015-09-25 10:30:00-07:00,1550.0,2023.3333333333333
2015-09-25 11:00:00-07:00,1680.0,2836.6666666666665
2015-09-25 11:30:00-07:00,1790.0,3720.0
2015-09-25 12:00:00-07:00,1956.6666666666667,4660.0
2015-09-25 12:30:00-07:00,2036.6666666666667,5646.666666666667
2015-09-25 13:00:00-07:00,2060.0,6666.666666666667
2015-09-25 13:30:00-07:00,1680.0,7636.666666666667
2015-09-25 14:00:00-07:00,1498.0,8363.333333333334
2015-09-25 14:30:00-07:00,1770.0,9366.666666666666
2015-09-25 15:00:00-07:00,1381.3333333333333,10083.333333333334
2015-09-25 15:30:00-07:00,886.0,10733.333333333334
2015-09-25 16:00:00-07:00,1496.6666666666667,11333.333333333334
2015-09-25 16:30:00-07:00,1313.3333333333333,12100.0
2015-09-25 17:00:00-07:00,1105.0,12700.0
2015-09-25 17:30:00-07:00,505.3333333333333,13000.0
2015-09-25 18:00:00-07:00,205.66666666666666,13133.333333333334
2015-09-25 18:30:00-07:00,50.1000010172526,13200.0
2015-09-25 19:00:00-07:00,3.880000114440918,13200.0
2015-09-25 19:30:00-07:00,0.0,13200.0
2015-09-26 07:00:00-07:00,15.484999895095825,1.9449999779462814
2015-09-26 07:30:00-07:00,50.56666692097982,18.35333315531413
2015-09-26 08:00:00-07:00,123.23333231608073,60.76666768391927
2015-09-26 08:30:00-07:00,317.6666666666667,174.66666666666666
2015-09-26 09:00:00-07:00,624.6666666666666,420.6666666666667
2015-09-26 09:30:00-07:00,927.0,825.3333333333334
2015-09-26 10:00:00-07:00,1173.3333333333333,1353.3333333333333
2015-09-26 10:30:00-07:00,1228.6666666666667,1973.3333333333333
2015-09-26 11:00:00-07:00,1630.0,2746.6666666666665
2015-09-26 11:30:00-07:00,1766.6666666666667,3600.0
2015-09-26 12:00:00-07:00,1893.3333333333333,4540.0
2015-09-26 12:30:00-07:00,1936.6666666666667,5470.0
2015-09-26 13:00:00-07:00,1950.0,6420.0
2015-09-26 13:30:00-07:00,2033.3333333333333,7546.666666666667
2015-09-26 14:00:00-07:00,2016.6666666666667,8556.666666666666
2015-09-26 14:30:00-07:00,1966.6666666666667,9570.0
2015-09-26 15:00:00-07:00,1860.0,10633.333333333334
2015-09-26 15:30:00-07:00,1653.3333333333333,11533.333333333334
2015-09-26 16:00:00-07:00,1546.6666666666667,12300.0
2015-09-26 16:30:00-07:00,1303.3333333333333,13066.666666666666
2015-09-26 17:00:00-07:00,989.3333333333334,13700.0
2015-09-26 17:30:00-07:00,655.0,14066.666666666666
2015-09-26 18:00:00-07:00,244.66666666666666,14300.0
2015-09-26 18:30:00-07:00,46.26666704813639,14400.0
2015-09-26 19:00:00-07:00,5.550000190734863,14400.0
2015-09-26 19:30:00-07:00,0.0,14400.0
2015-09-27 07:00:00-07:00,29.386666536331177,5.139999898771445
2015-09-27 07:30:00-07:00,141.66666666666666,51.86666679382324
2015-09-27 08:00:00-07:00,269.3333333333333,163.66666666666666
2015-09-27 08:30:00-07:00,447.6666666666667,341.6666666666667
2015-09-27 09:00:00-07:00,698.6666666666666,630.6666666666666
2015-09-27 09:30:00-07:00,982.0,1060.3333333333333
2015-09-27 10:00:00-07:00,1265.0,1540.0
2015-09-27 10:30:00-07:00,1336.6666666666667,2096.6666666666665
2015-09-27 11:00:00-07:00,1413.3333333333333,2796.6666666666665
2015-09-27 11:30:00-07:00,1520.0,3506.6666666666665
2015-09-27 12:00:00-07:00,1676.6666666666667,4373.333333333333
2015-09-27 12:30:00-07:00,1586.6666666666667,5160.0
2015-09-27 13:00:00-07:00,1253.3333333333333,5903.333333333333
2015-09-27 13:30:00-07:00,1546.6666666666667,6620.0
2015-09-27 14:00:00-07:00,1413.3333333333333,7366.666666666667
2015-09-27 14:30:00-07:00,903.0,7976.666666666667
2015-09-27 15:00:00-07:00,1250.0,8513.333333333334
2015-09-27 15:30:00-07:00,1296.6666666666667,9116.666666666666
2015-09-27 16:00:00-07:00,1106.6666666666667,9850.0
2015-09-27 16:30:00-07:00,583.3333333333334,10200.0
2015-09-27 17:00:00-07:00,403.3333333333333,10466.666666666666
2015-09-27 17:30:00-07:00,241.66666666666666,10633.333333333334
2015-09-27 18:00:00-07:00,267.6666666666667,10766.666666666666
2015-09-27 18:30:00-07:00,100.23333358764648,10866.666666666666
2015-09-27 19:00:00-07:00,23.899999618530273,10900.0
2015-09-27 19:30:00-07:00,0.0,10900.0
2015-09-28 07:00:00-07:00,36.65500020980835,5.064999878406525
2015-09-28 07:30:00-07:00,94.6999994913737,35.09999974568685
2015-09-28 08:00:00-07:00,261.0,128.1999994913737
2015-09-28 08:30:00-07:00,539.0,342.0
2015-09-28 09:00:00-07:00,670.6666666666666,641.3333333333334
2015-09-28 09:30:00-07:00,605.0,984.0
2015-09-28 10:00:00-07:00,978.3333333333334,1360.0
2015-09-28 10:30:00-07:00,1041.3333333333333,1823.3333333333333
2015-09-28 11:00:00-07:00,1483.3333333333333,2513.3333333333335
2015-09-28 11:30:00-07:00,1286.6666666666667,3166.6666666666665
2015-09-28 12:00:00-07:00,1250.0,3913.3333333333335
2015-09-28 12:30:00-07:00,1275.0,4445.0
2015-09-28 13:00:00-07:00,1506.6666666666667,5026.666666666667
2015-09-28 13:30:00-07:00,1846.6666666666667,5956.666666666667
2015-09-28 14:00:00-07:00,1893.3333333333333,7010.0
2015-09-28 14:30:00-07:00,1890.0,7890.0
2015-09-28 15:00:00-07:00,1640.0,8696.666666666666
2015-09-28 15:30:00-07:00,1285.3333333333333,9400.0
2015-09-28 16:00:00-07:00,698.3333333333334,9870.0
2015-09-28 16:30:00-07:00,1095.0,10400.0
2015-09-28 17:00:00-07:00,801.3333333333334,10900.0
2015-09-28 17:30:00-07:00,647.0,11300.0
2015-09-28 18:00:00-07:00,202.0,11466.666666666666
2015-09-28 18:30:00-07:00,60.06666501363119,11500.0
2015-09-28 19:00:00-07:00,13.106666644414267,11500.0
2015-09-28 19:30:00-07:00,0.0,11500.0
2015-09-29 07:00:00-07:00,12.51000040769577,1.2450000140815973
2015-09-29 07:30:00-07:00,52.733333587646484,16.260000069936115
2015-09-29 08:00:00-07:00,117.60000101725261,61.79999923706055
2015-09-29 08:30:00-07:00,259.0,153.0
2015-09-29 09:00:00-07:00,312.6666666666667,312.3333333333333
2015-09-29 09:30:00-07:00,718.3333333333334,581.0
2015-09-29 10:00:00-07:00,646.3333333333334,910.6666666666666
2015-09-29 10:30:00-07:00,968.0,1306.6666666666667
2015-09-29 11:00:00-07:00,1476.6666666666667,1940.0
2015-09-29 11:30:00-07:00,1216.6666666666667,2616.6666666666665
2015-09-29 12:00:00-07:00,1270.0,3223.3333333333335
2015-09-29 12:30:00-07:00,907.6666666666666,3826.6666666666665
2015-09-29 13:00:00-07:00,850.6666666666666,4263.333333333333
2015-09-29 13:30:00-07:00,891.3333333333334,4720.0
2015-09-29 14:00:00-07:00,841.0,5153.333333333333
2015-09-29 14:30:00-07:00,1029.5,5525.0
2015-09-29 15:00:00-07:00,1530.0,6116.666666666667
2015-09-29 15:30:00-07:00,1653.3333333333333,6960.0
2015-09-29 16:00:00-07:00,1256.6666666666667,7646.666666666667
2015-09-29 16:30:00-07:00,727.0,8100.0
2015-09-29 17:00:00-07:00,596.0,8453.333333333334
2015-09-29 17:30:00-07:00,467.6666666666667,8716.666666666666
2015-09-29 18:00:00-07:00,150.66666666666666,8846.666666666666
2015-09-29 18:30:00-07:00,28.300000826517742,8880.0
2015-09-29 19:00:00-07:00,3.9200000762939453,8880.0
2015-09-29 19:30:00-07:00,0.0,8880.0
2015-09-30 07:30:00-07:00,14.46999979019165,1.6799999997019768
2015-09-30 08:00:00-07:00,65.73333485921223,23.333333333333332
2015-09-30 08:30:00-07:00,112.03333282470703,66.8333346048991
2015-09-30 09:00:00-07:00,180.33333333333334,146.0
2015-09-30 09:30:00-07:00,230.0,242.0
2015-09-30 10:00:00-07:00,234.66666666666666,362.3333333333333
2015-09-30 10:30:00-07:00,339.0,508.6666666666667
2015-09-30 11:00:00-07:00,409.3333333333333,712.3333333333334
2015-09-30 11:30:00-07:00,647.0,968.6666666666666
2015-09-30 12:00:00-07:00,706.0,1346.6666666666667
2015-09-30 12:30:00-07:00,445.6666666666667,1616.6666666666667
2015-09-30 13:00:00-07:00,421.6666666666667,1813.3333333333333
2015-09-30 13:30:00-07:00,450.6666666666667,2030.0
2015-09-30 14:00:00-07:00,530.0,2283.3333333333335
2015-09-30 14:30:00-07:00,330.6666666666667,2486.6666666666665
2015-09-30 15:00:00-07:00,239.0,2606.6666666666665
2015-09-30 15:30:00-07:00,455.3333333333333,2796.6666666666665
2015-09-30 16:00:00-07:00,260.6666666666667,2983.3333333333335